id,name,lat,lon,demand,tw_start,tw_end,cluster
0,DEPOT,43.8563,18.4131,0,0,1440,37
1,Bingo,43.85648727416992,18.389095306396484,4,480,1080,37
2,Juventa Sport,44.77138900756836,17.191518783569336,1,480,1080,5
3,Comunicare,43.34769821166992,17.807174682617188,9,480,1080,11
4,Mlinar,43.34616470336914,17.801671981811523,8,480,1080,11
5,Autocentar Margetić,44.89132881164551,18.765985098752108,8,480,1080,20
6,Knežević 66,43.82347106933594,17.591611862182617,5,480,1080,14
7,Wash&Dry Mostar,43.35190963745117,17.80203628540039,4,480,1080,11
8,Shop_8,45.05209732055664,17.308772563934326,18,480,1080,19
9,LC Waikiki,44.81754302978516,17.215717315673828,3,480,1080,5
10,Jukić,44.82516098022461,18.720518112182617,19,480,1080,20
11,Shop_11,44.56828308105469,16.094425201416016,14,480,1080,43
12,Shop_12,44.60676956176758,17.860084533691406,2,480,1080,46
13,Tamara,44.77327728271485,17.178504943847656,1,480,1080,5
14,Shop_14,44.7525520324707,17.16200828552246,3,480,1080,5
15,Minimarkt,43.25796890258789,17.891672134399414,7,480,1080,11
16,m:tel,44.77162551879883,17.191884994506836,8,480,1080,5
17,Shop_17,43.82255554199219,17.608285903930664,17,480,1080,14
18,Foto Pava,44.77262115478516,17.193937301635742,20,480,1080,5
19,Inox Metal Centar,44.83406829833984,17.182830810546875,1,480,1080,5
20,Mini Market,43.93854522705078,17.578996113368444,18,480,1080,14
21,Shop_21,43.34614562988281,17.800579071044922,7,480,1080,11
22,Shop_22,43.34627914428711,17.799779891967773,18,480,1080,11
23,Electronic World d.o.o. Sarajevo,43.85237884521485,18.430788040161133,14,480,1080,37
24,Trgošped Baucentar,44.13521766662598,18.126192819954145,8,480,1080,41
25,MODELİA,43.43707275390625,17.410531997680664,15,480,1080,4
26,Kalea,43.85848617553711,18.320189476013184,19,480,1080,2
27,Pekara Kraljevac,43.98739242553711,18.178135999043786,9,480,1080,12
28,Shop_28,44.81337356567383,15.867453575134276,1,480,1080,6
29,Bagić,44.606689453125,17.859025955200195,6,480,1080,46
30,Kvimpeks,44.61741638183594,17.37101173400879,14,480,1080,35
31,Tehnika Kubat,44.14726257324219,18.134790420532227,11,480,1080,41
32,Kuprešak,44.77119445800781,17.191234588623047,9,480,1080,5
33,Sjemenarna,43.34946060180664,17.797698974609375,5,480,1080,11
34,Konzum,44.81521987915039,15.86898393350489,7,480,1080,6
35,Cvjećara Orhideja,44.968299865722656,18.30116081237793,11,480,1080,30
36,Shop_36,44.97905731201172,16.724634170532227,4,480,1080,3
37,Minutica,44.77619171142578,17.18810272216797,3,480,1080,5
38,Lutrija BiH - Titova,43.349945068359375,17.812368392944336,13,480,1080,11
39,veni.com servis računara,44.85991668701172,18.81262969970703,4,480,1080,20
40,Digitalno,43.20695877075195,17.668380737304688,12,480,1080,28
41,Pekarnica Zrno,43.719635009765625,17.2279052734375,12,480,1080,15
42,Ella,44.76433944702149,17.189599990844727,20,480,1080,5
43,Eso promet,43.13670349121094,17.78301452196561,9,480,1080,28
44,ERONET Centar,44.72936248779297,18.08867073059082,2,480,1080,10
45,Umbrella,43.828704833984375,18.31111717224121,15,480,1080,2
46,"S.T.R. ""ADNA""",43.855281829833984,18.393218994140625,18,480,1080,37
47,CM,44.88430404663086,16.154451370239258,4,480,1080,39
48,Tiffany,43.82904815673828,18.311323165893555,13,480,1080,2
49,iNovine,43.34687423706055,17.79688835144043,3,480,1080,11
50,Konzum,43.85111999511719,18.367446899414062,18,480,1080,2
51,Zara,44.53181838989258,18.65117835998535,10,480,1080,16
52,Val Adria,42.927207946777344,17.613920211791992,20,480,1080,18
53,"Knjižara ""Famis""",43.34453201293945,17.813404083251953,12,480,1080,11
54,Elite,44.76358413696289,17.1911678314209,19,480,1080,5
55,Family,44.7638053894043,17.19023895263672,7,480,1080,5
56,Trdelnik,43.85939407348633,18.428272247314453,3,480,1080,37
57,Tuš,44.84466171264648,15.82625675201416,2,480,1080,6
58,Gvoždjara kod Brke,44.86238479614258,18.822284698486328,8,480,1080,20
59,Mozzart,44.77379608154297,17.199974060058594,10,480,1080,5
60,Interšpar,44.794246673583984,18.903867721557617,3,480,1080,20
61,Centralprom,43.65670394897461,17.9615535736084,8,480,1080,29
62,Auto dijelovi Adis,44.66929244995117,17.93318748474121,4,480,1080,32
63,Fortuna,44.77268600463867,17.186254501342773,13,480,1080,5
64,"Mesnica ""Husić""",43.328269958496094,17.822969436645508,9,480,1080,11
65,BORBOLETA Joaillerie,43.348609924316406,17.80447006225586,15,480,1080,11
66,Shop_66,43.877254486083984,18.40277099609375,12,480,1080,37
67,"Auto - elektičar  ""Iskra""",44.03602981567383,17.45716094970703,6,480,1080,36
68,Saten,43.81381988525391,18.57048988342285,12,480,1080,33
69,Bingo Centar Istočno Sarajevo,43.82393646240234,18.36188673868053,12,480,1080,2
70,Intersport,44.72090530395508,18.083396911621094,7,480,1080,10
71,TR Mišo,44.933048248291016,18.191781997680664,9,480,1080,30
72,Kort,44.78695869445801,17.194646974404655,3,480,1080,5
73,Frizerski salon Apolon,43.820159912109375,18.362239837646484,20,480,1080,2
74,DP market,43.9923095703125,18.176929473876957,6,480,1080,12
75,Premier,43.85794448852539,18.421789169311523,18,480,1080,37
76,Mr. Roberto,43.34951400756836,17.800399780273438,8,480,1080,11
77,Konzum,43.85028839111328,18.395660400390625,6,480,1080,37
78,Šole,44.53325653076172,18.639965057373047,15,480,1080,16
79,Mad Parfumeur,43.307411193847656,17.8297061920166,13,480,1080,11
80,Pia Lank by Planika,43.85551071166992,18.40804481506348,9,480,1080,37
81,L Bos,44.76930618286133,17.18987464904785,18,480,1080,5
82,CO -TRINK,43.46644973754883,17.344724655151367,8,480,1080,4
83,Zelena pijaca,45.1846923828125,16.805498123168945,11,480,1080,49
84,Nešo market,45.14615249633789,18.005327224731445,2,480,1080,23
85,krema,43.34383392333984,17.808746337890625,8,480,1080,11
86,Malinić,44.9825325012207,16.72027015686035,2,480,1080,3
87,EKI,43.34021759033203,17.798845291137695,11,480,1080,11
88,Barić,43.9893684387207,18.04307556152344,13,480,1080,12
89,Crvena jabuka,44.13113784790039,18.120548248291016,9,480,1080,41
90,Shop_90,44.53787040710449,18.673707962036133,3,480,1080,16
91,Nada,43.37885284423828,17.60037612915039,7,480,1080,4
92,Zoki Bau Centar,44.79939651489258,17.20902202526728,19,480,1080,5
93,Talih,44.44199752807617,18.65710830688477,11,480,1080,16
94,Repro-Karić digitalna štamparija,44.55807495117188,18.665451049804688,7,480,1080,16
95,Premier,44.7633171081543,17.200450897216797,16,480,1080,5
96,b Bazar,43.85055160522461,18.36282157897949,13,480,1080,2
97,Bingo,44.53087615966797,18.6926383972168,15,480,1080,16
98,Shop_98,45.14437103271485,17.26227569580078,5,480,1080,19
99,Shop_99,43.86165809631348,18.41343688964844,9,480,1080,37
100,Shop_100,43.99282836914063,18.177112579345703,5,480,1080,12
101,Tobacco press,43.71603775024414,17.228620529174805,8,480,1080,15
102,Game Zone Doglodi,43.85111999511719,18.30210698836031,18,480,1080,2
103,Vuković,44.77034759521485,17.190942764282227,18,480,1080,5
104,Lafka,44.77195358276367,17.18668556213379,9,480,1080,5
105,Kras Oprema,43.20707702636719,17.667949676513672,19,480,1080,28
106,Prodavnica mjesovite robe,44.87436676025391,18.815149307250977,14,480,1080,20
107,S Simply Wear,44.76860046386719,17.190160751342773,19,480,1080,5
108,Bojprom,44.53175354003906,18.650962829589844,13,480,1080,16
109,Iris doo,43.948577880859375,17.55517344576247,12,480,1080,14
110,MB Projekt - Salon namještaja,44.76567459106445,17.206613540649414,8,480,1080,5
111,EKO,44.692501068115234,18.994115829467773,5,480,1080,22
112,CITY parfumerija,45.025856018066406,18.699369430541992,17,480,1080,20
113,Amko,43.860145568847656,18.22583770751953,16,480,1080,42
114,Shop_114,42.703887939453125,18.35063362121582,3,480,1080,7
115,Shop_115,44.43838119506836,18.14528465270996,2,480,1080,31
116,Total Plus,44.98246765136719,16.72005271911621,4,480,1080,3
117,"Organizacija vjenčanja ""Venera""",44.86869812011719,17.66208839416504,5,480,1080,13
118,Pizzerija Mahir,43.86134338378906,18.43373680114746,6,480,1080,37
119,Shop_119,44.01848602294922,18.182994842529297,14,480,1080,12
120,"Trgovačka radnja ""Usput""",44.38689231872559,18.187186493593103,20,480,1080,31
121,Shop_121,44.54817962646485,18.479337692260746,3,480,1080,34
122,Levi's,43.85555267333984,18.40818214416504,13,480,1080,37
123,Brojler,43.86055755615234,18.43159484863281,13,480,1080,37
124,ESOPROMET,43.08710479736328,17.930816650390625,20,480,1080,28
125,Shop_125,44.18804168701172,17.921531677246094,15,480,1080,26
126,Synergie,44.76959228515625,17.194839477539062,17,480,1080,5
127,Polovna rova,43.84451675415039,18.27745056152344,9,480,1080,2
128,Tehnomag,44.53004455566406,18.687475204467773,18,480,1080,16
129,Svjetlost,43.66817474365234,18.97388458251953,1,480,1080,8
130,J&V prodavnica,45.02163696289063,17.99422836303711,4,480,1080,23
131,Shop_131,44.53160095214844,18.534332275390625,18,480,1080,34
132,RETRO,43.82871627807617,18.31134986877441,9,480,1080,2
133,Shop_133,44.19792556762695,17.913532257080078,11,480,1080,26
134,B&V,43.82065582275391,17.61102867126465,4,480,1080,14
135,Konzum,43.33624649047852,17.81353759765625,10,480,1080,11
136,Shop_136,43.346099853515625,17.800615310668945,14,480,1080,11
137,Ocean Centar,44.58414077758789,18.44740867614746,6,480,1080,34
138,Mirino d.o.o. Vitez,44.167022705078125,17.78949546813965,15,480,1080,1
139,Minimarket LIPA,44.46748352050781,18.92051410675049,1,480,1080,9
140,Seven D.o.o.,43.84149169921875,18.30978012084961,9,480,1080,2
141,Frizerski salon Šarm-Joka,44.86338806152344,18.81119155883789,17,480,1080,20
142,Pekara AS,43.82267379760742,18.2049503326416,6,480,1080,42
143,Duhanpromet,43.34506988525391,17.80051612854004,17,480,1080,11
144,Lightstore,43.85140228271485,18.40237808227539,4,480,1080,37
145,Carpisa,44.53169250488281,18.65124893188477,10,480,1080,16
146,Auto Start,43.38716506958008,17.860845961221834,17,480,1080,11
147,Shop_147,43.8177375793457,17.613433837890625,20,480,1080,14
148,Prodavnica,43.862037658691406,18.4533634185791,7,480,1080,37
149,Kabil,44.53767776489258,18.66242027282715,5,480,1080,16
150,Shop_150,44.86854553222656,17.65595817565918,12,480,1080,13
151,Calvin Klein,43.85838317871094,18.41687393188477,6,480,1080,37
152,"""Dućan""",44.21490859985352,18.049915313720703,18,480,1080,41
153,STR Valentino,43.80311584472656,19.001081466674805,17,480,1080,8
154,Shop_154,43.85027313232422,18.384904861450195,1,480,1080,37
155,Marko,44.77511596679688,17.200475692749023,20,480,1080,5
156,DUGA-TEHNA,43.22733688354492,17.69671630859375,11,480,1080,28
157,Madame Coco,44.763031005859375,19.20591354370117,16,480,1080,22
158,Studio Nails,45.14922332763672,17.25484275817871,1,480,1080,19
159,Shop_159,44.76324462890625,17.196338653564453,4,480,1080,5
160,Cvjećara Livia,43.86138916015625,18.420204162597656,12,480,1080,37
161,Shop_161,44.83016204833984,18.72476959228516,10,480,1080,20
162,Seat,44.769039154052734,19.14507102966309,8,480,1080,22
163,MOTOREX PJ KAKANJ,44.12298583984375,18.105222702026367,2,480,1080,41
164,Jeordie's,45.138858795166016,17.25827980041504,8,480,1080,19
165,Jasmina,43.38073348999024,17.596546173095703,19,480,1080,4
166,Shop_166,43.66884613037109,18.973809719085693,3,480,1080,8
167,Matea,43.95245361328125,18.06999015808105,3,480,1080,12
168,Dolina sunca,43.32429885864258,17.824337005615234,16,480,1080,11
169,"Automehanicar Luka""s",44.77888107299805,17.18593406677246,3,480,1080,5
170,Konzum,43.33786582946777,17.80746409893036,18,480,1080,11
171,Nameks,43.22269821166992,17.691572189331055,5,480,1080,28
172,Biscom,44.77054977416992,17.1919002532959,5,480,1080,5
173,Shop_173,45.02901077270508,18.698591232299805,16,480,1080,20
174,Crvena Jabuka,44.5365104675293,18.655488967895508,18,480,1080,16
175,Shop_175,44.85626983642578,17.685379028320312,6,480,1080,13
176,Škoda,44.7575569152832,19.214941024780277,9,480,1080,22
177,Stylos,44.78023147583008,17.206972122192383,17,480,1080,5
178,AS-AD,44.82301139831543,15.85340061554542,20,480,1080,6
179,Mlinar,43.8399658203125,18.45026397705078,14,480,1080,37
180,Pixel,43.85052108764648,18.35311508178711,7,480,1080,2
181,Servis mobitela,44.53787612915039,18.66224479675293,18,480,1080,16
182,Shop_182,43.858009338378906,18.41927146911621,7,480,1080,37
183,Bingo,44.474552154541016,18.699657440185547,10,480,1080,16
184,Lax,44.77424240112305,17.200626373291016,13,480,1080,5
185,Berlijeta d.o.o.,43.84397506713867,18.348337173461918,12,480,1080,2
186,SHP Celex maloprodaja,44.77205276489258,17.224538803100586,15,480,1080,5
187,AMAI MS 6,43.22866821289063,17.701860427856445,17,480,1080,28
188,Shop_188,44.87532997131348,18.793904304504395,15,480,1080,20
189,Shop_189,44.86788177490234,17.665132522583008,4,480,1080,13
190,Super Kort,43.1596565246582,18.54425430297852,8,480,1080,25
191,Planika,44.33991622924805,17.271703720092773,8,480,1080,40
192,Mozzart,44.63559722900391,18.8432559967041,3,480,1080,9
193,Shop_193,42.70919036865234,18.347116470336918,11,480,1080,7
194,Rasadnik-Vival-Nursery,43.18945121765137,17.647843712254577,1,480,1080,28
195,Guinot,44.76762771606445,17.19569206237793,19,480,1080,5
196,BH Play,44.81385040283203,15.871033668518066,18,480,1080,6
197,Sejo,43.877220153808594,18.292070388793945,8,480,1080,2
198,Comex,43.95396423339844,18.06766128540039,19,480,1080,12
199,Mozzart,44.98223876953125,16.719926834106445,8,480,1080,3
200,Shop_200,44.19854736328125,17.91169548034668,1,480,1080,26
201,Kod Dule,44.7598991394043,17.201786041259766,3,480,1080,5
202,OBI,43.83341217041016,18.295988082885746,2,480,1080,2
203,Bili Brig,43.36994171142578,17.426258087158203,8,480,1080,4
204,Shop_204,44.81015396118164,15.865848541259766,3,480,1080,6
205,Shop_205,43.825626373291016,18.35044288635254,2,480,1080,2
206,Mozzart,43.81507110595703,18.56710433959961,11,480,1080,33
207,Sjemenarna,43.10526657104492,17.71836280822754,3,480,1080,28
208,Gral,43.38429260253906,17.593584060668945,17,480,1080,4
209,Manja,44.75949478149414,17.18757438659668,8,480,1080,5
210,Shop_210,42.92510795593262,17.62328595359151,9,480,1080,18
211,iNovine,44.8150634765625,15.875365257263184,16,480,1080,6
212,Stil,44.982669830322266,17.909164428710938,7,480,1080,23
213,HC,43.85780334472656,18.410484313964844,18,480,1080,37
214,Shop_214,44.6956672668457,18.04045867919922,5,480,1080,10
215,Dan i noć,44.764286041259766,17.184005737304688,19,480,1080,5
216,Mercator,43.85817337036133,18.417734146118164,19,480,1080,37
217,Konzum,44.1960334777832,17.912208557128906,16,480,1080,26
218,Shop_218,43.378265380859375,17.603986740112305,8,480,1080,4
219,Domod,43.827392578125,18.3509578704834,16,480,1080,2
220,H&M,44.77919769287109,17.206897735595703,14,480,1080,5
221,Gerber,44.62070083618164,17.37139129638672,7,480,1080,35
222,Best,44.34326934814453,17.271390914916992,4,480,1080,40
223,Mlađo,43.933013916015625,18.80111694335937,4,480,1080,27
224,Slana soba i masaža,43.87561798095703,18.403249740600582,14,480,1080,37
225,"Prodavnica ""Rašmer""",43.90247344970703,18.348073959350582,12,480,1080,2
226,Timex,44.04573440551758,16.855772018432617,14,480,1080,24
227,Shop_227,42.7087516784668,18.349767171419582,14,480,1080,7
228,Tropic,44.78929138183594,17.20390510559082,15,480,1080,5
229,Sportsko igralište,43.86565399169922,18.4001522064209,2,480,1080,37
230,Agroton,44.1260871887207,18.11669921875,4,480,1080,41
231,Amko Komerc,43.82307815551758,18.20584297180176,2,480,1080,42
232,Sfera,44.792606353759766,17.20760154724121,13,480,1080,5
233,iNovine,43.343292236328125,17.812549591064453,11,480,1080,11
234,iNovine,43.34469985961914,17.790576934814453,4,480,1080,11
235,CENTRAL M d.o.o.,44.20858001708984,17.902938842773438,8,480,1080,26
236,Milijana,44.32229232788086,16.938190460205078,7,480,1080,17
237,Sweet Style,44.77338790893555,17.19986915588379,7,480,1080,5
238,Mozzart BHPlay,43.35090255737305,17.800933837890625,18,480,1080,11
239,Šibalija,42.87607192993164,18.42671203613281,15,480,1080,7
240,DUHANPROMET K-3 konjic,43.65462112426758,17.961681365966797,5,480,1080,29
241,Mars 97,43.65650177001953,17.951725006103516,14,480,1080,29
242,Nike,43.382205963134766,17.589969635009766,6,480,1080,4
243,iNovine,43.82172775268555,18.2022762298584,9,480,1080,42
244,Val Adria,42.92719268798828,17.614059448242188,15,480,1080,18
245,Shop_245,43.8491439819336,18.392253875732425,8,480,1080,37
246,iNovine,44.13075256347656,18.12039375305176,3,480,1080,41
247,Maccao,43.32490348815918,17.821874531832606,15,480,1080,11
248,Terranova,43.348392486572266,17.804874420166016,18,480,1080,11
249,Tehno shop,44.53798294067383,18.67538833618164,4,480,1080,16
250,Shop_250,44.70572280883789,18.490535736083984,2,480,1080,0
251,Shop_251,44.12752914428711,18.58017349243164,18,480,1080,44
252,Ramić,44.6394157409668,19.05449104309082,1,480,1080,22
253,Shop_253,44.60668563842773,17.859134674072266,3,480,1080,46
254,Princess,45.14308547973633,17.25043487548828,8,480,1080,19
255,Mlinar,43.3432502746582,17.81241798400879,6,480,1080,11
256,Shop_256,44.33695602416992,17.26982307434082,14,480,1080,40
257,JYSK,43.82212448120117,16.99504280090332,16,480,1080,38
258,Butik Pervan-Commerce,43.65469741821289,17.963056564331055,16,480,1080,29
259,Shop_259,43.37862014770508,17.604190826416016,7,480,1080,4
260,Konzum,44.53864669799805,18.677215576171875,13,480,1080,16
261,BINGO,44.68833541870117,18.30692481994629,2,480,1080,48
262,Super KORT,44.891632080078125,16.900449752807617,6,480,1080,3
263,T.R. Alli,43.853492736816406,18.44709587097168,13,480,1080,37
264,JYSK,44.74007034301758,18.094165802001957,1,480,1080,10
265,Shop_265,44.19499969482422,17.91766929626465,13,480,1080,26
266,Premier,43.34308242797852,17.812442779541016,9,480,1080,11
267,Shop_267,44.84454536437988,15.827634572305463,15,480,1080,6
268,Meridianbet,44.73482131958008,18.08590507507324,10,480,1080,10
269,Avanti,43.85791778564453,18.41808319091797,14,480,1080,37
270,Shop_270,45.18473052978516,16.805753707885742,18,480,1080,49
271,Pepco,44.77653884887695,17.192821502685547,16,480,1080,5
272,Bonita,42.71826553344727,18.35379981994629,5,480,1080,7
273,Pekara Bereg,43.94302368164063,18.797844886779785,7,480,1080,27
274,Odisej Moto Shop,44.53248977661133,18.65968513488769,10,480,1080,16
275,Umbrella,44.77996826171875,17.20702362060547,7,480,1080,5
276,Zalogajnica St. Nicola 2,43.18965148925781,17.679182052612305,2,480,1080,28
277,Shop_277,42.7075138092041,18.341871404647826,19,480,1080,7
278,Sport Vision,44.78008270263672,17.20777130126953,18,480,1080,5
279,Dukat,43.91810989379883,18.12334632873535,2,480,1080,12
280,Shop_280,43.82104110717773,17.61069679260254,11,480,1080,14
281,Shop_281,44.76114654541016,17.20081329345703,2,480,1080,5
282,Suša,44.72872161865234,18.8187313079834,2,480,1080,9
283,Konzum,43.85628509521485,18.422990798950195,19,480,1080,37
284,Shop_284,43.6787223815918,19.4314079284668,16,480,1080,21
285,Premier,43.85910034179688,18.40240478515625,17,480,1080,37
286,Shop_286,44.767988204956055,17.187281131744385,17,480,1080,5
287,"Trgovačka radnja ""Emela""",43.35315704345703,17.81413459777832,6,480,1080,11
288,Duhanpromet,43.33525848388672,17.816631317138672,2,480,1080,11
289,Jurić,43.37839126586914,17.58563232421875,17,480,1080,4
290,Rima,44.13493728637695,18.123952865600582,3,480,1080,41
291,FlexCredit,44.77870559692383,17.16893196105957,6,480,1080,5
292,Auto otpad Saki,44.78518295288086,17.1706485748291,3,480,1080,5
293,Shop_293,44.537071228027344,18.67806053161621,20,480,1080,16
294,Bojprom,43.30686950683594,17.829710006713867,3,480,1080,11
295,Formentini,43.85824203491211,18.41629981994629,8,480,1080,37
296,Shop_296,45.04678726196289,16.3843936920166,13,480,1080,47
297,Pekara Extra Promet,45.05791091918945,15.782519340515137,4,480,1080,6
298,Premier Kladionica,43.85024642944336,18.30696560687946,19,480,1080,2
299,DP Marketi,43.95784759521485,18.267269134521484,8,480,1080,2
300,Mozzart,45.146183013916016,17.25148582458496,19,480,1080,19
301,Intereuropa RTC,44.78764724731445,17.214176177978516,20,480,1080,5
302,Namex,43.30360794067383,17.71377182006836,2,480,1080,11
303,Shop_303,44.20971298217773,17.914539541516987,20,480,1080,26
304,Shop_304,43.59922790527344,19.487483978271484,3,480,1080,21
305,Eld Satovi i Nakit,43.85551071166992,18.40868759155273,14,480,1080,37
306,Konzum,43.871124267578125,18.403757095336918,19,480,1080,37
307,iNovine,44.13029479980469,18.119932174682617,19,480,1080,41
308,Alma Ras,45.14625930786133,17.250839233398438,17,480,1080,19
309,Shop_309,44.608699798583984,17.96135711669922,11,480,1080,32
310,s.Oliver,44.53262710571289,18.65291786193848,9,480,1080,16
311,Mujanić,43.855995178222656,18.423572540283203,7,480,1080,37
312,Shop_312,43.859107971191406,18.41694641113281,11,480,1080,37
313,Techno Shop,44.78067779541016,17.20732879638672,8,480,1080,5
314,Duhan,44.53116226196289,18.69704818725586,9,480,1080,16
315,Wisa,44.6884708404541,18.031118849263045,13,480,1080,10
316,Shop_316,44.53089141845703,18.537155151367188,5,480,1080,34
317,Coco Zebra,43.85079193115234,18.35389709472656,10,480,1080,2
318,Beko shop,45.05062103271485,16.378225326538086,15,480,1080,47
319,Kineska trgovina,43.82521438598633,17.003246307373047,11,480,1080,38
320,Jaso,44.82195663452149,15.871571660629048,3,480,1080,6
321,Schrack Technik,44.78493881225586,17.213233947753906,1,480,1080,5
322,سوبر ماركت 10 فليل يبند,44.81620216369629,15.870446829568772,15,480,1080,6
323,Shop_323,43.86222839355469,18.44050025939941,20,480,1080,37
324,Zlatara Baručić,44.44280624389648,18.875791549682617,19,480,1080,9
325,Zlatare RS Gold,44.77693176269531,17.185836791992188,4,480,1080,5
326,Shop_326,44.43250274658203,17.03341293334961,3,480,1080,17
327,Valentino market,44.766544342041016,17.237382888793945,18,480,1080,5
328,AMKO,43.65363693237305,17.95816421508789,7,480,1080,29
329,Rattan Sedia,44.80774688720703,18.53319549560547,17,480,1080,0
330,market Adisa,44.64277267456055,18.38291549682617,9,480,1080,48
331,Sport Vision,44.05440521240234,17.436500549316406,5,480,1080,36
332,BetOle,44.86275863647461,18.8183650970459,12,480,1080,20
333,Pekara Luke,44.81008338928223,15.86382335400864,3,480,1080,6
334,Elmix,44.12201690673828,18.108242864194125,8,480,1080,41
335,Fiat Servis,43.86555862426758,18.404315948486328,12,480,1080,37
336,Nestro,43.39391708374024,17.86904982725779,10,480,1080,11
337,Pekarnica Bijeli Golub,43.34942436218262,17.80314826965332,6,480,1080,11
338,Shop_338,44.53876876831055,18.676105499267575,15,480,1080,16
339,BIHAMK,43.83225631713867,18.28885340587401,18,480,1080,2
340,Mr. Bean,42.71099472045898,18.347108840942383,10,480,1080,7
341,Shop_341,44.17103958129883,17.766836166381836,20,480,1080,1
342,Shop_342,44.81471633911133,15.869725227355955,17,480,1080,6
343,Cvjećara Ruža,43.8229866027832,17.60727882385254,1,480,1080,14
344,Višnja,44.75966644287109,17.19919204711914,18,480,1080,5
345,FIS,44.486209869384766,18.07794676960765,10,480,1080,31
346,Hari 2,44.24101638793945,17.577407836914062,4,480,1080,1
347,Shop_347,43.8514404296875,18.375932693481445,5,480,1080,37
348,Shop_348,43.8325080871582,18.30866050720215,9,480,1080,2
349,Shop_349,43.05838394165039,17.70692253112793,4,480,1080,28
350,Namex 20,43.10870361328125,17.703548431396484,4,480,1080,28
351,Mangala,43.8603744506836,18.4321231842041,18,480,1080,37
352,ERONET Centar,44.75743865966797,19.21491813659668,5,480,1080,22
353,"Pekara ""Klas""",44.94611740112305,18.3056697845459,9,480,1080,30
354,LAFF COFFEE,43.85874176025391,18.426855087280277,10,480,1080,37
355,Flora,44.22664642333984,17.662403106689453,20,480,1080,1
356,Shop_356,45.019317626953125,16.09224224090576,7,480,1080,39
357,Shop_357,44.812347412109375,15.868730545043944,11,480,1080,6
358,Trgovina mješovitom robom,44.846168518066406,18.956512451171875,7,480,1080,22
359,Shop_359,44.63006210327149,17.98103141784668,9,480,1080,32
360,Interpress,43.381797790527344,17.59186363220215,17,480,1080,4
361,Tepa,43.16579818725586,18.53706141243204,16,480,1080,25
362,Shop_362,43.78255081176758,18.20065116882324,9,480,1080,42
363,Zlatarna Celje,44.77540969848633,17.205387115478516,2,480,1080,5
364,Shop_364,44.6068115234375,17.857315063476562,3,480,1080,46
365,Primorka,43.383583068847656,17.5926456451416,14,480,1080,4
366,Shop_366,44.12308311462402,18.11577125995056,9,480,1080,41
367,Planet,44.77035903930664,17.19085693359375,2,480,1080,5
368,Astra,43.3437614440918,17.812053680419922,1,480,1080,11
369,Cacharel,43.8581428527832,18.41655921936035,11,480,1080,37
370,Vez Mostar,43.34954833984375,17.803855895996094,5,480,1080,11
371,Vesna,43.34996032714844,17.79680061340332,9,480,1080,11
372,Pepco,43.34831237792969,17.80535125732422,6,480,1080,11
373,Konzum,43.94432830810547,18.07794952392578,15,480,1080,12
374,Shop_374,43.05109786987305,17.672481536865234,18,480,1080,28
375,Shop_375,44.770652770996094,17.190601348876953,14,480,1080,5
376,Shop_376,44.888946533203125,16.899944305419922,18,480,1080,3
377,4 Sobe,44.76982879638672,17.191247940063477,1,480,1080,5
378,AC Boras,43.3016242980957,17.829654693603516,4,480,1080,11
379,Mozzart,44.76567077636719,17.204328536987305,3,480,1080,5
380,Dezen,44.461055755615234,18.637514114379883,5,480,1080,16
381,IQOS,43.30718231201172,17.829910278320312,18,480,1080,11
382,Оптика Миг,43.7855339050293,19.29373550415039,2,480,1080,21
383,Malta,44.7746467590332,17.18731117248535,12,480,1080,5
384,Mozzart,44.606815338134766,17.860092163085938,19,480,1080,46
385,Planika,43.30690383911133,17.82994270324707,18,480,1080,11
386,Automehaničar,44.18194961547852,17.670339584350586,5,480,1080,1
387,Redstar Sport,44.87033462524414,18.80732727050781,14,480,1080,20
388,Bingo,43.35048675537109,17.794780731201172,5,480,1080,11
389,Matić,43.94316864013672,18.081457138061523,2,480,1080,12
390,Vesna,44.183292388916016,18.9365177154541,10,480,1080,27
391,Konzum,43.67717361450195,18.98410987854004,12,480,1080,8
392,Vokel,43.821048736572266,17.000089169708772,2,480,1080,38
393,Mercator,43.34628677368164,17.798192977905273,12,480,1080,11
394,Shop_394,44.63302993774414,18.843406677246094,7,480,1080,9
395,Paštrik,44.127872467041016,18.579057693481445,8,480,1080,44
396,Proteini.si,44.775028228759766,17.205795288085938,4,480,1080,5
397,Shop_397,44.41549301147461,17.063039779663086,12,480,1080,17
398,Samoposluga - Maoča,44.7690658569336,18.65687370300293,18,480,1080,0
399,LC Waikiki,44.77627944946289,17.184553146362305,14,480,1080,5
400,Ski kasa Gondola Partizan,43.730712890625,18.573250157492502,20,480,1080,33
401,Penny,43.90361785888672,18.364920475655456,5,480,1080,2
402,Supermarker Petar,43.30297088623047,17.716005325317383,8,480,1080,11
403,"Market ""Moj dućan""",45.0340690612793,18.439340591430664,6,480,1080,30
404,Food Outlet Globus,44.76821899414063,17.185874938964844,6,480,1080,5
405,Nika,44.774208068847656,17.200319290161133,14,480,1080,5
406,Shop_406,43.858055114746094,18.42460823059082,1,480,1080,37
407,B-ONE d.o.o.,43.86988830566406,18.40513801574707,6,480,1080,37
408,Tropic,44.85074615478516,17.23504066467285,11,480,1080,5
409,Bingo Minimarket Tušanj,44.54288864135742,18.66399574279785,14,480,1080,16
410,Biljana,44.72533798217773,17.132122039794922,8,480,1080,5
411,dm,44.74019241333008,18.094379425048828,9,480,1080,10
412,ADO-V,43.341007232666016,17.809995651245117,6,480,1080,11
413,Shop_413,44.47383499145508,18.7003231048584,4,480,1080,16
414,Rama-Tex,43.82406234741211,17.60736083984375,13,480,1080,14
415,Bau Centar DŽENEX Lukavac,44.52730178833008,18.531667709350582,2,480,1080,34
416,"Pekara ""AS""",43.84627151489258,18.38102149963379,16,480,1080,37
417,Korzo,43.665306091308594,18.974288940429688,8,480,1080,8
418,Super Konzum,44.41991424560547,18.074241638183597,7,480,1080,31
419,Shop_419,43.34608459472656,17.800235748291016,15,480,1080,11
420,dm,45.145992279052734,17.250307083129883,12,480,1080,19
421,ERONET Centar,44.96530151367188,15.939364433288574,10,480,1080,6
422,AGROPET.ba,43.37333488464356,17.609088897705078,8,480,1080,4
423,TC Gradska,44.955196380615234,18.300067901611328,8,480,1080,30
424,Farraj,43.857460021972656,18.427188873291016,1,480,1080,37
425,Mercator,43.84196853637695,18.35432787665838,7,480,1080,2
426,Moj Market,44.77078437805176,17.2048787593005,13,480,1080,5
427,Pekara,43.92267227172852,18.31734085083008,11,480,1080,2
428,"Mesnica ""Bajra""",43.90165328979492,18.34453010559082,9,480,1080,2
429,Shop_429,44.63290023803711,18.84276390075684,3,480,1080,9
430,Mozzart,44.4167594909668,17.086883544921875,9,480,1080,17
431,Penny Plus,43.86572647094727,18.4024600982666,12,480,1080,37
432,Auto-električar ROKI,44.44479370117188,18.646188735961918,17,480,1080,16
433,Hattrick kladionica,43.34469223022461,17.810880661010742,13,480,1080,11
434,Hercegovinapromet,43.31112289428711,17.830909729003906,18,480,1080,11
435,Mini Market,44.74049377441406,18.718549728393555,11,480,1080,20
436,Trgovačka radnja SENEX,43.31850814819336,17.834430694580078,1,480,1080,11
437,Perutnina Ptuj,43.34293365478516,17.80944061279297,4,480,1080,11
438,Konzum,43.86238098144531,18.441314697265625,9,480,1080,37
439,Lola's Corner,43.34334945678711,17.809045791625977,6,480,1080,11
440,Minutica,44.75996017456055,17.184982299804688,19,480,1080,5
441,Granap,43.82107162475586,17.61030387878418,9,480,1080,14
442,Shop_442,44.979888916015625,16.704179763793945,2,480,1080,3
443,Prodavnica mjesovite robe,43.552772521972656,18.02678871154785,4,480,1080,29
444,Connecta,43.84642791748047,18.33945655822754,20,480,1080,2
445,Braća Đukić,44.98625183105469,17.869796752929688,14,480,1080,23
446,Shop_446,43.6001205444336,19.48883819580078,12,480,1080,21
447,Shop_447,43.84466552734375,18.3711051940918,11,480,1080,2
448,Šamon HoReCa shop and market,43.8578987121582,18.41153717041016,14,480,1080,37
449,Ulla Popken,44.67632675170898,18.0162296295166,20,480,1080,10
450,Konjic,43.653297424316406,17.957454681396484,17,480,1080,29
451,Retro,43.38214874267578,17.59214973449707,4,480,1080,4
452,Shop_452,44.86344528198242,17.667245864868164,13,480,1080,13
453,Butik Amadeus,43.82444763183594,16.99989128112793,19,480,1080,38
454,Polipak,43.93647384643555,18.083011627197266,7,480,1080,12
455,Shop_455,45.09896087646485,16.74489402770996,9,480,1080,49
456,Cherka Company - Maloprodaja,43.351295471191406,17.795034408569336,2,480,1080,11
457,Shop_457,44.88496780395508,16.15572738647461,14,480,1080,39
458,Mercator,43.8669319152832,18.419017791748047,1,480,1080,37
459,Knežević,44.84613037109375,18.818946838378903,17,480,1080,20
460,Pekara Adna,43.34811782836914,17.812833786010742,18,480,1080,11
461,Mobitel,43.342620849609375,17.81267547607422,7,480,1080,11
462,Ulla Popken,43.34622573852539,17.798206329345703,12,480,1080,11
463,Jelena Shop,44.77019500732422,17.1906681060791,14,480,1080,5
464,Mega Company,44.83246421813965,15.881009152402047,3,480,1080,6
465,Delmod,44.53868103027344,18.67546844482422,11,480,1080,16
466,Shop_466,43.35110092163086,17.8010196685791,20,480,1080,11
467,Pekara Bosfor,43.86803436279297,18.41840934753418,11,480,1080,37
468,Azel France,43.85898971557617,18.420541763305664,4,480,1080,37
469,Food Outlet Globus,44.760536193847656,17.17994499206543,10,480,1080,5
470,ComeFort tattoo,44.77264404296875,17.19607162475586,17,480,1080,5
471,LPG Jovo servis,44.78550148010254,17.214124566032773,10,480,1080,5
472,Šanac,43.84440994262695,18.38797187805176,14,480,1080,37
473,Market AS,45.141387939453125,17.25683130344874,11,480,1080,19
474,Hampi,44.82369995117188,15.88527740750994,13,480,1080,6
475,Auto servis NV,44.79067993164063,17.207630157470703,10,480,1080,5
476,INOMA,44.53248977661133,18.65186309814453,18,480,1080,16
477,Shop_477,44.02399063110352,18.132503509521484,5,480,1080,12
478,Boutique Noelle,43.35091781616211,17.804380416870117,7,480,1080,11
479,Bata,44.77654647827149,17.18621253967285,14,480,1080,5
480,Perfetto Plus,43.343040466308594,17.809158325195312,13,480,1080,11
481,Podrumi Vukoje 1982,42.71589279174805,18.343488693237305,6,480,1080,7
482,Spanish PX,43.81372261047363,18.341698613719664,20,480,1080,2
483,Vesna,44.77182769775391,17.206239700317383,19,480,1080,5
484,Shop_484,44.8694953918457,17.664649963378906,10,480,1080,13
485,MBA Bakery,43.86699676513672,18.4006462097168,13,480,1080,37
486,Mercator,43.84199142456055,18.277084350585938,18,480,1080,2
487,Parna pekara,44.60697555541992,17.859752655029297,1,480,1080,46
488,Grujić,43.93609237670898,18.79398727416992,10,480,1080,27
489,Dresscode,43.85832595825195,18.416658401489254,10,480,1080,37
490,Shop_490,44.18431854248047,18.94766616821289,7,480,1080,27
491,Sport Vision,43.847198486328125,18.242900848388672,14,480,1080,42
492,Salon namještaja Oglavina,43.38023376464844,17.853439948138067,19,480,1080,11
493,Shop_493,43.65096664428711,17.9620418548584,20,480,1080,29
494,Mesnica Šišović,43.3519401550293,17.80126190185547,11,480,1080,11
495,Mini Kort,44.98451614379883,17.9063777923584,15,480,1080,23
496,KM Trade,44.96503448486328,15.907755851745604,15,480,1080,6
497,Knjižara SIDRAN,44.54555130004883,18.47879409790039,15,480,1080,34
498,Shop_498,44.68846893310547,18.30680419636421,7,480,1080,48
499,Prodavnica mješovite robe BANJA,44.54554748535156,18.47854995727539,17,480,1080,34
500,Lala,44.16025161743164,17.783010482788086,16,480,1080,1
501,MIM,43.91084671020508,18.35641288757324,6,480,1080,2
502,La Belle,44.766021728515625,17.20746612548828,3,480,1080,5
503,WWin,44.777587890625,17.191932678222656,10,480,1080,5
504,Royal Estetic,44.7629508972168,17.199438095092773,17,480,1080,5
505,Sinsay,45.02596664428711,18.69932746887207,20,480,1080,20
506,Superdry,43.85057830810547,18.354019165039062,11,480,1080,2
507,SHIMANO,44.78086853027344,17.189443588256836,3,480,1080,5
508,Topdis,45.05182647705078,17.308847427368164,8,480,1080,19
509,Shop_509,44.81188201904297,15.86874008178711,10,480,1080,6
510,Gvožđara Tošić,44.6329460144043,18.84311294555664,8,480,1080,9
511,Shop_511,44.01015853881836,18.025671005249023,7,480,1080,12
512,Planika outlet,43.829891204833984,18.342756271362305,5,480,1080,2
513,Crvena Jabuka Market,44.15170669555664,17.792030334472656,1,480,1080,1
514,Shop_514,43.731689453125,18.563037872314453,2,480,1080,33
515,Dragstor Palma,43.84161376953125,18.342947006225582,8,480,1080,2
516,BEST Korzo,44.22645568847656,17.659988403320312,16,480,1080,1
517,Nada,44.7586555480957,17.185462951660156,20,480,1080,5
518,OrtoOptic,44.77108001708984,17.190196990966797,3,480,1080,5
519,Manja,44.76470947265625,17.184377670288086,15,480,1080,5
520,Borovo,43.81949615478516,17.612220764160156,14,480,1080,14
521,Auto servis Ferhatovic,43.8408088684082,18.25647735595703,19,480,1080,42
522,MINI MIX,43.25707626342773,18.11286735534668,7,480,1080,11
523,Autoservis i vulkanizer Ivaniš,44.046010971069336,16.854372024536133,13,480,1080,24
524,m:tel,43.3418197631836,17.80165672302246,16,480,1080,11
525,Dermatološko Kozmetički Centar Farah,44.53266906738281,18.694393157958984,13,480,1080,16
526,Deichmann,43.36478042602539,17.82135009765625,8,480,1080,11
527,Spartan Sport d.o.o.,44.16762161254883,17.785503387451172,5,480,1080,1
528,Minimarket RATAR,44.82935333251953,18.723678588867188,1,480,1080,20
529,Shop_529,43.381324768066406,17.591947555541992,4,480,1080,4
530,Boro,43.378814697265625,17.599966049194336,14,480,1080,4
531,Kartopu,43.858673095703125,18.43015480041504,8,480,1080,37
532,Shop_532,43.766563415527344,18.70268440246582,6,480,1080,33
533,Mercator,43.82990264892578,18.344396591186523,17,480,1080,2
534,Mega Mall Tešanj,44.67622184753418,18.0155375571478,15,480,1080,10
535,Onogošt pr.20,43.81295204162598,18.553667068481445,2,480,1080,33
536,WWin,42.87865447998047,18.42955780029297,18,480,1080,7
537,Sinsay,44.52522277832031,18.628427505493164,8,480,1080,16
538,Shop_538,44.65712356567383,16.02262306213379,4,480,1080,43
539,Best,44.07076644897461,17.932493209838867,15,480,1080,26
540,ZTR CHS FOČA,43.50686264038086,18.774789810180664,5,480,1080,8
541,Kerametal,43.18896484375,17.544321060180664,15,480,1080,28
542,Butik Fenomen,44.9820671081543,17.909624099731445,17,480,1080,23
543,Šarm,44.76451873779297,17.188880920410156,18,480,1080,5
544,Shop_544,44.606082916259766,17.85809898376465,20,480,1080,46
545,Loris,44.67643737792969,18.015634536743164,11,480,1080,10
546,XC TEAM SARAJEVO,43.85197448730469,18.377073287963867,15,480,1080,37
547,Gera,43.81816864013672,18.326557159423828,20,480,1080,2
548,Ribarnica,43.82185745239258,18.364351272583008,17,480,1080,2
549,Moj Market,44.7779541015625,17.192790985107422,14,480,1080,5
550,Monocle,44.77123260498047,17.192983627319336,18,480,1080,5
551,"Frizerski salon ""Eva""",43.82442092895508,17.00031280517578,15,480,1080,38
552,Biletarnica,44.51118469238281,18.57691764831543,6,480,1080,34
553,IQOS,44.7799072265625,17.207021713256836,16,480,1080,5
554,BND Namještaj,44.83243942260742,15.881438783302162,15,480,1080,6
555,Memić dekor,43.31825256347656,17.827058792114258,9,480,1080,11
556,Mozzart,44.779747009277344,17.20677947998047,8,480,1080,5
557,Best,44.05348587036133,17.448381702040592,9,480,1080,36
558,John Ricardo,43.85553741455078,18.40827178955078,17,480,1080,37
559,"Frizerski salon ""Emina""",44.78201675415039,18.693397521972656,16,480,1080,20
560,Shop_560,43.31026840209961,17.80951690673828,8,480,1080,11
561,ČAVKUNOVIĆ Baucentar,44.83287048339844,15.879413604736328,9,480,1080,6
562,Shop_562,43.71721649169922,17.2272891998291,15,480,1080,15
563,Zeničanka,44.19958305358887,17.9072002084663,3,480,1080,26
564,CM,45.18227005004883,16.80906105041504,10,480,1080,49
565,Color,44.60598373413086,17.858911514282227,8,480,1080,46
566,Shop_566,43.37948989868164,17.588584899902344,9,480,1080,4
567,Autoservis BOWELDD,44.77763748168945,19.109359741210938,11,480,1080,22
568,Minutica,44.77134704589844,17.19293785095215,11,480,1080,5
569,Vrapče,44.54133224487305,18.667139053344727,18,480,1080,16
570,Robot,44.81265258789063,15.880530825832434,3,480,1080,6
571,Mozzart Kladionica,44.90677070617676,17.301382848689723,5,480,1080,5
572,Pekara Braća Lazić,44.69229507446289,19.03354263305664,5,480,1080,22
573,Shop_573,42.71227645874024,18.342552185058597,8,480,1080,7
574,MV-Centar,44.59195709228516,18.68290138244629,13,480,1080,16
575,fonTELe.ba,43.82879638671875,18.31150245666504,5,480,1080,2
576,Shop_576,42.92649841308594,17.61496353149414,7,480,1080,18
577,Shop_577,43.84608840942383,18.349754333496094,3,480,1080,2
578,Sunlight Beauty,43.82909393310547,18.311256408691406,14,480,1080,2
579,Šarm,44.98564147949219,17.90798568725586,14,480,1080,23
580,Oaza trade,44.61347198486328,16.640525817871094,11,480,1080,45
581,Pekara Aleksić,44.9791145324707,16.72282600402832,18,480,1080,3
582,Toni,43.82130432128906,17.6101131439209,15,480,1080,14
583,Bingo,43.83983612060547,18.341636657714844,14,480,1080,2
584,Adria,43.57745361328125,19.05742454528809,2,480,1080,8
585,Grič rasvjeta Lamps&Mirrors,43.31013488769531,17.831445693969727,7,480,1080,11
586,Stolarija Zovko,43.39400100708008,17.577550888061523,14,480,1080,4
587,JYSK,44.432708740234375,18.046995162963867,13,480,1080,31
588,Moj Market,44.774091720581055,17.184032678604126,19,480,1080,5
589,Sartoria Barbolini,44.77968215942383,17.206872940063477,1,480,1080,5
590,Mobile Plus,44.97907638549805,16.708375930786133,19,480,1080,3
591,"Stambena zadruga ""Proleter"" - stovarište Vrbanjci",44.58821868896485,17.439191818237305,13,480,1080,35
592,Shop_592,43.37340927124024,17.84726333618164,16,480,1080,11
593,Dexy Co,44.53231048583984,18.65162849426269,1,480,1080,16
594,Morellato Venezia 1930,43.34873962402344,17.8048152923584,12,480,1080,11
595,Slaven intima,43.348289489746094,17.80211067199707,10,480,1080,11
596,Autoelektrika Savic,44.99274253845215,17.838117599487305,13,480,1080,23
597,Deichmann,43.82907104492188,18.310930252075195,14,480,1080,2
598,Povoljne Cijene Torbi,44.764495849609375,17.18889808654785,18,480,1080,5
599,Sičaja,43.8267936706543,17.60580825805664,18,480,1080,14
600,Sarteks,43.35581588745117,17.627016067504883,20,480,1080,4
